{
    "TimePro": 13.630875587463379,
    "ModernTCN": 22.307098150253296,
    "NFM": 14.013183116912842
}